0,00	1 KILO de Ayuda
1,00 a	1916 colonia original frasco 200 ml
12,49 a	ABEDUL miel de azahar bote 350 gr
3,49 a	ABEDUL miel de eucalipto bote 350 gr
3,49 a	ABEDUL miel de flores frasco 1 Kg
4,39 a	ABEDUL miel de romero bote 350 gr
3,49 a	ABREGO cocktail frutos secos bolsa 200 gr
1,55 a	ABREGO cocktail frutos secos bolsa 200 gr
1,55 a	ABRIL aceite de oliva intenso 1Ao garrafa 3 lt
12,49 a	ABRIL aceite de oliva intenso botella 1 lt
3,89 a	ABRIL aceite de oliva intenso garrafa 5 lt
19,31 a	ABRIL aceite de oliva suave botella 1 lt
3,89 a	ABRIL aceite de oliva suave garrafa 3 lt
12,49 a	ABRIL aceite de oliva suave garrafa 5 lt
19,31 a	ABRIL aceite de oliva virgen extra botella 1 lt
4,59 a	ABRIL aceite de oliva virgen extra botella 500 ml
3,39 a	ABRILSOL aceite de girasol botella 1 lt
1,27 a	ABSOLUT vodka botella 70 cl
12,45 a	ACANTILADO aceitunas rellenas de anchoas lata 120 gr
0,66 a	Acelga bolsa 300 gr
0,99 a	Acelgas manojo 1 kg
1,29 a	ACTIBEL esponja de baAo doble accion tonificante bolsa 1 ud
1,10 a	ACTIBEL esponja de baAo spa doble accion suave bolsa 1 ud
1,52 a	ADIDAS colonia fruity rhythm frasco 50 ml
7,49 a	0,00	ADIDAS colonia get ready for her frasco 50 ml
9,95 a	ADIDAS colonia get ready for him frasco 50 ml
9,95 a	ADIDAS colonia ice dive frasco 100 ml
12,99 a	ADIDAS colonia uefa champions league 2 frasco 100 ml
15,75 a	ADIDAS desodorante adipure spray 200 ml
2,95 a	ADIDAS desodorante fresh roll on 50 ml
2,00 a	ADIDAS desodorante fresh spray 200ml
3,07 a	ADIDAS desodorante masculino 6 en 1 spray 200 ml
2,69 a	ADIDAS desodorante masculino cool&dry 6 en 1 roll on 50 ml
1,99 a	ADIDAS gel de ducha 3 en 1 hair body & face active sport bote 400 ml
3,07 a	ADIDAS gel de ducha 3 en 1 hair body & face active start bote 400 ml
3,07 a	AFFINITY champAo antipicores botella 250 ml
5,23 a	AFFINITY champAo nutritivo para perros todo tipo de razas botella 250 ml
5,23 a	AFFINITY champAo repelente para perros botella 250 ml
5,23 a	AFFLIGEM cerveza rubia botella 30 cl
1,73 a	AGUA DE LUNA colonia frasco 100 ml
8,99 a	Aguacate bandeja 4 uds
2,19 a	Aguacate maduro bandeja 2 uds
2,99 a	Aguacate unidad (380 gr aprox.)
1,77 a	AGUINAGA mejillA3n a la marinera en salsa de tomate tarrina 400 gr
2,99 a	AGUINAGA mejillA3n cocido en su jugo bandeja 450 g
2,99 a	AIRE DE SEVILLA Agua fresca de azahar colonia + crema + gel estuche 1 ud
13,95 a	AIRE DE SEVILLA colonia agua de rozas frescas frasco 150 ml
9,99 a	AIRE DE SEVILLA pack agua de rosas colonia 150 ml + crema corporal
13,95 a	0,00	AIRIAOS DO MAR vino blanco  albariAo Do Rias Baixas botella 75 cl
3,75 a	AIRONES queso de extremadura al pimentA3n de la vera pieza 750 gr
11,49 a	AIRWICK ambientador automAtico fresh matic lirio de luna recambio 1 ud
4,46 a	AIRWICK ambientador automAtico fresh matic nenuco recambio 1 ud
4,46 a	AIRWICK ambientador automAtico fresh matic white bouquet recambio 1 ud
4,46 a	AIRWICK ambientador elActrico flores blancas recambio 1 ud
4,40 a	AIRWICK ambientador elActrico frescor de ropa limpia recambio 1 ud
4,40 a	AIRWICK ambientador elActrico lirio de luna recambio 1 ud
4,40 a	AIRWICK ambientador elActrico nenuco aparato + recambio 1 ud
5,65 a	AIRWICK ambientador elActrico nenuco recambio 1 ud
4,40 a	AIRWICK ambientador exotic scents madera de Abano y vainilla pack 2 uds
4,20 a	AIRWICK ambientador pure flor frescor ropa limpia spray 250 ml
3,99 a	AIRWICK ambientador pure nenuco frescor de colonia spray 250 ml
3,99 a	AIRWICK Life escents ambientador elActrico delicias de verano recambio 1 ud
5,25 a	AIRWICK Life escents ambientador elActrico oasis turquesa aparato + recambio
4,19 a	AIRWICK Life escents ambientador freshmatic delicias de verano recambio 1 ud
5,25 a	Ajetes tiernos bandeja 200 gr
0,99 a	Ajo morado malla 250 gr
1,49 a	Ajo morado malla 500 gr
2,59 a	Ajo morado unidad (75 gr aprox.)
0,37 a	ALADDIN algodA3n mAgico limpia metales
2,45 a	Alas de pollo bolsa (peso aprox. 1.1 Kg)
3,58 a	ALBA bocadito de pan ajo y perejil bolsa 120 grs
1,05 a	ALBA bocadito de pan jamA3n y tomate bolsa 110 grs
1,05 a	0,00	ALBA bocadito de pan tomate y oregano bolsa 120 grs
1,05 a	ALBA bocaditos sabor fuet bolsa 110 gr
1,09 a	ALBA panatines sabor fuet bolsa 90 gr
1,16 a	ALBA rosquilletas con pipas bolsa 70 gr
0,90 a	ALBAL bolsa para horno y microondas paquete 5 uds
2,25 a	ALBAL film transparente 2 en 1 frigorAfico y microondas 15 m.
1,99 a	ALBALI vino tinto DO ValdepeAas botella 75 cl
2,45 a	ALBO atun claro en aceite de oliva lata 82 grs
2,45 a	ALBO atun claro en aceite de oliva virgen extra pack de 3 latas 48 grs
4,15 a	ALBO atAon claro en aceite de oliva lata 67 gr
1,39 a	ALBO atAon claro en aceite de oliva pack 3 latas 67 gr
5,15 a	ALBO atAon claro en aceite de oliva pack de 6 latas x 48 grs
5,19 a	ALBO atAon claro en aceite de oliva virgen extra bajo en sal pack 3 latas 67 gr
5,15 a	ALBO atAon claro en aceite de oliva virgen extra lata 82 gr
1,69 a	ALBO atAon claro en salsa picantona lata 82 gr
2,25 a	ALBO bonito del norte en aceite de oliva bajo en sal lata 82 gr
2,89 a	ALBO bonito del norte en aceite de oliva lata 67 gr
1,96 a	ALBO bonito del norte en aceite de oliva lata 82 grs
2,98 a	ALBO bonito del norte en escabeche lata 82 gr
2,89 a	ALBO calamares  rellenos en su tinta lata 72 gr
3,05 a	ALBO calamares en su tinta lata 72 grs
1,95 a	ALBO filetes de caballa del sur en aceite de oliva lata 85 gr
2,47 a	ALBO sardinas en aceite de oliva lata 85 grs
1,99 a	ALBO sardinas en aceite de oliva virgen extra  lata 85 gr
1,99 a	0,00	ALBO sardinas en escabeche lata 85 grs
1,99 a	ALBO sardinas picantonas lata 85 grs
1,99 a	ALBO sardinillas en aceite de oliva 8/12 piezas lata 82 gr
2,25 a	ALBO trozos de calamares en salsa americana lata 72 gr
1,95 a	ALCORTA vino tinto crianza do rioja botella 75 cl
5,65 a	ALEX cera incolora especial parquet botella 750 ml
3,99 a	ALHAMBRA cerveza especial pack 6 botellas 25 cl
2,75 a	ALHAMBRA cerveza rubia nacional especial lata 33 cl
0,61 a	ALHAMBRA cerveza sin alcohol botella 1 l
1,28 a	ALHAMBRA RESERVA 1925 cerveza rubia nacional pack 4 botellas 33 cl
4,35 a	Alitas de pollo partidas 520 gr
2,50 a	Almendra pelada frita tarrina 200 gr
2,89 a	ALMIRON leche 1 inicia caja 800 gr
17,39 a	ALMIRON leche en polvo etapa 3 caja 800 gr
13,49 a	ALMIRON leche infantil en polvo etapa 2 caja 800 gr
13,69 a	ALPRO bebida soja envase 1 lt
1,51 a	ALPRO bebida soja ligera envase 1lt
1,51 a	ALTOS DE TAMARON vino tinto crianza DO Ribera de Duero botella 75 cl
5,76 a	ALTOS DE TAMARON vino tinto DO Ribera de Duero botella 75 cl
3,29 a	ALTOS DE TAMARON vino tinto reserva DO Ribera de Duero botella 75 cl
11,37 a	ALVALLE gazpacho original refrigerado envase 1 lt
3,45 a	ALVINI vermouth blanco aperitivo botella 1 lt
2,05 a	ALVINI vermouth rojo aperitivo botella 1 lt
2,05 a	AMALUR habas baby  FRASCO 425GR
1,49 a	0,00	AMALUR patatas paris FRASCO 425 GR
1,12 a	AMBAR cerveza rubia nacional lata 33 cl
0,64 a	AMBAR cerveza SIN GLUTEN botella 33 cl
0,85 a	AMBAR EXPORT cerveza rubia nacional lata 33 cl
0,80 a	AMBAR Radler cerveza sabor limA3n lata 33 cl
0,65 a	AMBI PUR ambientador electrico brisa marina recambio 1 ud
3,19 a	AMBI PUR ambientador elActrico 3volution aire fresco recambio 1 ud
4,40 a	AMBI PUR ambientador elActrico 3volution tatami japonAs recambio 1 ud
4,40 a	AMBI PUR ambientador elActrico aroma aire fresco aparato + recambio 1 ud
5,83 a	AMBI PUR ambientador elActrico aroma aire fresco recambio 1 ud
3,19 a	AMBI PUR ambientador elActrico aroma flores elegantes recambio 1 ud
3,19 a	AMBI PUR ambientador elActrico aroma nubes de algodA3n recambio 1 ud
3,19 a	AMBI PUR ambientador elActrico aroma tatami japonAs aparato + recambio 1 ud
7,69 a	AMBI PUR ambientador elActrico aroma tatami japonAs recambio 1 ud
3,19 a	AMBI PUR ambientador para coche aroma brisa marina 1 ud
2,99 a	AMBI PUR ambientador para coche torrente refrescante aparato + recambio 1 ud
4,90 a	AMSTEL cerveza 0,0% alcohol lata 33 cl
0,54 a	AMSTEL cerveza 0,0% alcohol pack 6 botellas 25 cl
2,14 a	AMSTEL cerveza pack 6 botellas x 25 cl
2,40 a	AMSTEL cerveza rubia nacional botella 1 l
1,42 a	AMSTEL cerveza rubia nacional botella 1 lt
1,02 a	AMSTEL cerveza rubia nacional lata 33 cl
0,34 a	AMSTEL cerveza rubia nacional lata 37.5 cl
0,56 a	AMSTEL cerveza rubia nacional lata 50 cl
0,79 a	0,00	AMSTEL cerveza rubia nacional pack 12 latas 37.5 cl
6,38 a	AMSTEL Oro cerveza tostada botella 33 cl
0,84 a	AMSTEL oro cerveza tostada lata 33 cl
0,68 a	AMSTEL Radler cerveza sabor limA3n lata 33 cl
0,60 a	AMSTEL Radler cerveza sabor limA3n pack 12 latas 33 cl
6,49 a	Anacardos fritos tarrina 175 gr
3,75 a	Anchodinas envase 50 gr
1,45 a	ANDIX pantilla carbA3n bicolor talla Aonica 1 par
1,75 a	ANDIX plantillas confort gel talla S 35-38
10,99 a	ANDIX plantillas gel descanso talla Aonica 35-42
9,90 a	ANDRES pikitos de pan bolsa 140 gr
0,82 a	ANDRES rebujitos bolsa 300 gr
1,15 a	ANDRES regaAa rAosticas bolsa 100 gr
0,89 a	ANDRAS picos camperos con aceite de oliva y ajonjoli  bolsa 180 gr
1,00 a	ANDRAS picos pan rustic bolsa 140 gr
1,10 a	ANETO caldo de pollo bajo en sal envase 1 lt
3,50 a	ANETO caldo de puchero 1 lt
3,50 a	ANETO caldo natural de jamA3n envase 1 lt
3,50 a	ANETO caldo natural de pescado envase 1 lt
4,06 a	ANETO caldo natural de pollo envase 1,04 lt
3,50 a	ANETO caldo natural de verduras envase 1 lt
3,59 a	ANGULAS AGUINAGA salpicA3n de mariscos envase 250 gr
4,30 a	ANGULO queso fresco de burgos tradicional envase 150 g
1,59 a	ANGULO queso fresco tarrina 500 gr
3,99 a	0,00	Anillas a la romana bandeja 300 gr
4,29 a	ANNA DE CODORNIU cava brut botella 75 cl
8,91 a	ANNA DE CODORNIU cava brut nature botella 75 cl
8,91 a	ANOUK colonia spray 100 ml
8,99 a	ANTONIO BANDERAS colonia the golden secret frasco 100 ml
22,50 a	Apio bolsa 500 gr
0,99 a	APIS magro de cerdo lata 220 gr
1,82 a	APIS pate higado cerdo lata 200GR
1,22 a	APIS patA a las finas hierbas tarro 160 gr
0,80 a	APIS patA de hAgado sabor intenso pack 3 x 80 gr
2,24 a	APIS patA suave pack 3 latas 240 gr
1,95 a	APIS sofrito de tomate casero frasco 300 gr
1,32 a	APIS tomate frito envase 400 gr
0,58 a	APIS tomate frito pack 3 unidades 400 gr
1,69 a	APIS tomate fritofrasco 550 gr
1,14 a	AQUA VELVA after shave lociA3n 200 ml
4,19 a	AQUABONA agua mineral natural botella 1.5 lt
0,39 a	AQUABONA agua mineral natural botella 2.5 l
0,75 a	AQUABONA agua mineral natural botella 5 l
1,00 a	AQUARADE bebida refrescante aromatizada limA3n botella 1.5 lt
1,19 a	AQUARADE bebida refrescante aromatizada naranja botella 1.5 lt
1,19 a	AQUAREL agua mineral botella 33 cl
0,47 a	AQUAREL agua mineral natural botella 1.5 lt
0,42 a	AQUAREL agua mineral natural botella 2 l
0,43 a	0,00	AQUAREL agua mineral natural botella 33 cl con tapA3n sport
0,33 a	AQUAREL agua mineral natural botella 5 l
1,05 a	AQUAREL agua mineral natural botella 50 cl
0,36 a	AQUARIUS bebida refrescante aromatizada limA3n botella 1.5 lt
1,51 a	AQUARIUS bebida refrescante aromatizada limA3n botella 50 cl
1,03 a	AQUARIUS bebida refrescante aromatizada limA3n lata 33 cl
0,67 a	AQUARIUS bebida refrescante aromatizada limA3n pack 2 botellas 1.5 lt
2,90 a	AQUARIUS bebida refrescante aromatizada limA3n pack 4 botellas 1.5 lt
5,68 a	AQUARIUS bebida refrescante aromatizada limA3n pack 9 latas 33 cl
5,58 a	AQUARIUS bebida refrescante aromatizada naranja botella 1.5 lt
1,51 a	AQUARIUS bebida refrescante aromatizada naranja lata 33 cl
0,67 a	AQUARIUS bebida refrescante aromatizada naranja pack 2 botellas 1.5 lt
2,90 a	AQUARIUS bebida refrescante aromatizada naranja pack 4 botellas 1.5 lt
5,68 a	AQUARIUS bebida refrescante aromatizada naranja pack 9 latas 33 cl
5,58 a	AQUARIUS Zero bebida refrescante aromatizada limA3n botella 1.5 lt
1,51 a	AQUARIUS Zero bebida refrescante aromatizada naranja botella 1.5 lt
1,51 a	ARENAS magdalenas concha bolsa 300 gr
1,00 a	ARGAL Bonnatur jamA3n cocido finas lonchas sobre 175 gr
2,15 a	ARGAL fuet calidad extra envase 120 gr
1,00 a	ARGAL jamA3n curado de pavo sobre 80 gr
2,15 a	ARGAL jamA3n serrano finas lonchas sobre 80 gr
2,00 a	ARGAL pechuga de pavo con verduras lonchas envase 100 gr
1,35 a	ARGETA junior patA de pollo al gusto pizza lata 95 gr
1,00 a	ARIAS mantequilla fAcil de untar barqueta 235 gr
1,95 a	0,00	ARIAS mantequilla tradicional en porciones 10 uds
1,14 a	ARIEL Actilift alpes detergente mAquina lAquido botella 27 lv
8,79 a	ARIEL Actilift detergente mAquina en polvo maleta 29 + 2 cacitos
8,79 a	ARIEL Actilift detergente mAquina lAquido botella 42 lv
11,99 a	ARIEL Actilift detergente mAquina lAquido concentrado botella 31 lv
8,99 a	ARIEL BAsico detergente mAquina en polvo maleta 60 cacitos
10,99 a	ARIEL detergente mAquina lAquido bAsico botella 35 + 2 lv
7,69 a	ARIEL detergente mAquina polvo actilift maleta 50 cacitos
13,95 a	ARIEL Excel tabs detergente mAquina en cApsulas 32 uds
11,49 a	ARIEL Pods detergente mAquina 3 en 1 en cApsulas 14 uds
6,55 a	ARIEL Pods detergente mAquina en cApsulas 24 uds
8,99 a	ARIEL Pods detergente mAquina fresh sensations en cApsulas 24 uds
8,89 a	ARIEL Sensations detergente mAquina lAquido fresh concentrado botella 27 + 3 lv
9,20 a	ARLA queso havarti light lonchas envase 175 gr
2,25 a	ARLA queso havarti lonchas envase 175 g
2,25 a	ARLUY galletas the simpsons mini paquete 500 gr
2,99 a	ARLUY Simpson mini galletas chocolateadas de desayuno caja 135 gr
1,00 a	Arreglo para paella marisco bandeja 800 g
6,50 a	Arreglo para puchero (peso aprox. 1.2 Kg)
4,19 a	ARROYO Gourmet jamA3n serrano en lonchas sobre 250 gr
2,76 a	ARROYO Gourmet taquitos de jamA3n serrano envase 2 x 60 gr
2,01 a	ARROYO taquitos de jamA3n serrano envase 2 x 40 gr
0,92 a	ARRUABARRENA palmeritas paquete 180 gr
1,00 a	ARTIACH Artinata galletas de braquillo rellenas de nata paquete  210 grs
1,39 a	0,00	ARTIACH Dinosaurus galletas de cereales con chocolate y leche caja 340 gr
2,45 a	ARTIACH Dinosaurus galletas de cereales con vitaminas caja 411 gr
2,44 a	ARTIACH Dinosaurus huevos galletas caja 140 gr
1,29 a	ARTIACH MarbAo dorada caja 1 Kg
2,85 a	ARTIACH MarbAo doradas 0% azAocares caja 400 gr
1,99 a	ARTUA margarina barqueta 500 g
3,05 a	ARTUA margarina maAz barqueta 250 gr
1,25 a	ARZUAGA vino tinto Do Ribera del Duero botella 75 cl
17,50 a	ArAndanos tarrina 125 gr
1,99 a	AS alimento  para gatos carne bolsa 4 kg
4,79 a	AS alimento  para perros  de razas pequeAas cordero arroz bolsa 2 kg
3,28 a	AS alimento completo para gatos menu gourmet salmA3n y atAon bolsa 2 Kg
2,82 a	AS alimento completo para loros bolsa 1 Kg
2,69 a	AS alimento para gatos carne bolsa 1.5 kg
2,59 a	AS alimento para gatos complementario malta tubo 100 ml
3,14 a	AS alimento para gatos con cordero e hAgado tarro 100 gr
0,39 a	AS alimento para gatos en salsa multipack bolsa 800 gr
3,01 a	AS alimento para gatos esterilizados bolsa 1,5 kg
5,12 a	AS alimento para gatos gourmet mix pescado pack 4 x 85 gr
1,82 a	AS alimento para gatos junior bolsa 1,5 kg
4,39 a	AS alimento para gatos junior pollo/pavo tarro 100 gr
0,35 a	AS alimento para gatos multicomponente carne bolsa 7 Kg
9,88 a	AS alimento para gatos multicomponente pescado bolsa 4 kg
4,39 a	AS alimento para gatos pescado bolsa 1.5 kg
1,75 a	0,00	AS alimento para gatos senior bolsa 1,5 Kg
4,24 a	AS alimento para perro menAo mix completo y variado bolsa 4 kg
4,42 a	AS alimento para perros cachorro bolsa 7 kg
8,66 a	AS alimento para perros carne bolsa 20 kg
10,75 a	AS alimento para perros completo con buey bolsa 10 Kg
6,49 a	AS alimento para perros de razas pequeAas con carne y arroz bolsa 4 Kg
8,38 a	AS alimento para perros junior con carne tarrina 150 gr
0,49 a	AS alimento para perros menAo top fit bolsa 4 Kg
5,78 a	AS alimento para perros multicomponente bolsa 20 kg
14,49 a	AS alimento para perros para cachorros bolsa 4 kg
6,45 a	AS alimento para perros premium bolsa 4 kg
9,23 a	AS alimento para perros senior bolsa 3 kg
3,89 a	AS alimento para perros senior con carne tarrina 150 gr
0,49 a	AS arena absorbente para gatos a base de silica gel bolsa 4 lt
3,76 a	AS arena absorbente para gatos bolsa 5 kg
0,89 a	AS arena para gatos compacta caja 4 Kg
3,24 a	AS arena perfumada para gatos bolsa 5 kg
1,41 a	AS barritas con miel para roedores bolsa 110 gr
1,67 a	AS barritas con verduras para roedores bolsa 110 gr
1,67 a	AS Beauty snack para perros bolsa 150 gr
1,42 a	AS hierba para gatos bandeja 100 gr
1,99 a	AS Mix gourmet alimento para gatos con carne tarro 4 x 85 gr
1,82 a	AS patA light para perros con pollo tarrina 150 gr
0,55 a	AS patA para gatos light tarro 100 